organism,zone
Pollachius virens,subtidal
Tautogolabrus adspersus,subtidal
Agarum clathratum,subtidal
Amphipoda,subtidal
Anomia simplex,subtidal
Aplidium pallidum,subtidal
Barnacle,subtidal
Blady Ulvoid,subtidal
Bonnemaisonia hamifera,subtidal
Botrylloides violaceus,subtidal
Botryllus schlosseri,subtidal
Ceramium virgatum,subtidal
Chondrus crispus,subtidal
Cliona,subtidal
Corallina officinalis,subtidal
Crisularia turrita,subtidal
Cystoclonium purpureum,subtidal
Dasysiphonia japonica,subtidal
Desmarestia aculeata,subtidal
Desmarestia viridis,subtidal
Diatom Tube Mat,subtidal
Didemnum vexillum,subtidal
Diplosoma listerianum,subtidal
Encrusting coralline,subtidal
Euthora cristata,subtidal
Halichondria (Halichondria) panicea,subtidal
Hildenbrandia rubra,subtidal
Lithothamnion,subtidal
Mastocarpus stellatus,subtidal
Membranipora membranacea,subtidal
Mytilus edulis,subtidal
Palmaria palmata,subtidal
Patinella verrucaria,subtidal
Phycodrys rubens,subtidal
Polyides rotunda,subtidal
Polysiphonia,subtidal
Porphyra,subtidal
Ptilota serrata,subtidal
Red Algal Turf,subtidal
Saccharina latissima,subtidal
Spermothamnion repens,subtidal
Tricellaria inopinata,subtidal
Tubular Ulvoid,subtidal
UNID Juv Laminariales,subtidal
Unidentified Erect Coralline,subtidal
Unidentified Filamentous Red,subtidal
Unidentified Red Blade,subtidal
Asterias rubens,subtidal
Boltenia echinata,subtidal
Buccinum undatum,subtidal
Cancer irroratus,subtidal
Henricia sanguinolenta,subtidal
Homarus americanus,subtidal
Myoxocephalus,subtidal
Pholis gunnellus,subtidal
Saccorhiza dermatodea,subtidal
Strongylocentrotus droebachiensis,subtidal
Ulvaria,subtidal
Cancer borealis,subtidal
Metridium senile,subtidal
Myoxocephalus octodecemspinosus,subtidal
Pachycerianthus borealis,subtidal
Boreochiton ruber,subtidal
Ciona savignyi,subtidal
Crepidula fornicata,subtidal
Dendrodoa carnea,subtidal
Ophiopholis aculeata,subtidal
Asterias forbesi,subtidal
Carcinus maenas,subtidal
Cyclopterus lumpus,subtidal
Testudinalia testudinalis,subtidal
Ascophyllum nodosum,subtidal
Codium fragile,subtidal
Colpomenia peregrina,subtidal
Echinarachnius parma,subtidal
Pseudopleuronectes americanus,subtidal
Urophycis regia,subtidal
Alaria esculenta,subtidal
Clathromorphum circumscriptum,subtidal
Crisia eburnea,subtidal
Filamentous Green,subtidal
Leptophytum acervatum,subtidal
Lithophyllum,subtidal
Phymatolithon lenormandii,subtidal
Thylacodes,subtidal
Urticina felina,subtidal
Myoxocephalus scorpius,subtidal
Bugulina spicata,subtidal
Coccotylus truncatus,subtidal
Dendrobeania murrayana,subtidal
Leucosolenia,subtidal
Obelia,subtidal
Stenosemus albus,subtidal
Tautoga onitis,subtidal
Didemnum albidum,subtidal
Halosiphon tomentosus,subtidal
Ostrea edulis,subtidal
Placopecten magellanicus,subtidal
Halisarca dujardinii,subtidal
Modiolus modiolus,subtidal
Boltenia ovifera,subtidal
Ciona intestinalis,subtidal
Dumontia contorta,subtidal
Schizoporella unicornis,subtidal
Hymedesmia,subtidal
Laminaria digitata,subtidal
Titanoderma,subtidal
Cucumaria frondosa,subtidal
Morone saxatilis,subtidal
